Date,Adj Close,Close,High,Low,Open,Volume
1990-01,23.34727278622714,23.34727278622714,23.34727278622714,23.34727278622714,23.34727278622714,0.0
1990-02,23.262631767674495,23.262631767674495,23.262631767674495,23.262631767674495,23.262631767674495,0.0
1990-03,20.06227259202437,20.06227259202437,20.06227259202437,20.06227259202437,20.06227259202437,0.0
1990-04,21.40349998474121,21.40349998474121,21.40349998474121,21.40349998474121,21.40349998474121,0.0
1990-05,18.09772725538774,18.09772725538774,18.09772725538774,18.09772725538774,18.09772725538774,0.0
1990-06,16.822380837940035,16.822380837940035,16.822380837940035,16.822380837940035,16.822380837940035,0.0
1990-07,18.39285727909633,18.39285727909633,18.39285727909633,18.39285727909633,18.39285727909633,0.0
1990-08,28.175217255302098,28.175217255302098,28.175217255302098,28.175217255302098,28.175217255302098,0.0
1990-09,29.10736836885151,29.10736836885151,29.10736836885151,29.10736836885151,29.10736836885151,0.0
1990-10,29.625652479088824,29.625652479088824,29.625652479088824,29.625652479088824,29.625652479088824,0.0
1990-11,24.885714394705637,24.885714394705637,24.885714394705637,24.885714394705637,24.885714394705637,0.0
1990-12,23.363000106811523,23.363000106811523,23.363000106811523,23.363000106811523,23.363000106811523,0.0
1991-01,27.429091106761586,27.429091106761586,27.429091106761586,27.429091106761586,27.429091106761586,0.0
1991-02,21.598421096801758,21.598421096801758,21.598421096801758,21.598421096801758,21.598421096801758,0.0
1991-03,17.918499851226805,17.918499851226805,17.918499851226805,17.918499851226805,17.918499851226805,0.0
1991-04,17.37272735075517,17.37272735075517,17.37272735075517,17.37272735075517,17.37272735075517,0.0
1991-05,16.932272737676445,16.932272737676445,16.932272737676445,16.932272737676445,16.932272737676445,0.0
1991-06,17.13499994277954,17.13499994277954,17.13499994277954,17.13499994277954,17.13499994277954,0.0
1991-07,17.294090964577414,17.294090964577414,17.294090964577414,17.294090964577414,17.294090964577414,0.0
1991-08,15.681363712657582,15.681363712657582,15.681363712657582,15.681363712657582,15.681363712657582,0.0
1991-09,16.956499767303466,16.956499767303466,16.956499767303466,16.956499767303466,16.956499767303466,0.0
1991-10,16.36391299703847,16.36391299703847,16.36391299703847,16.36391299703847,16.36391299703847,0.0
1991-11,17.77350010871887,17.77350010871887,17.77350010871887,17.77350010871887,17.77350010871887,0.0
1991-12,18.347619102114724,18.347619102114724,18.347619102114724,18.347619102114724,18.347619102114724,0.0
1992-01,17.68318167599765,17.68318167599765,18.181818095120516,16.818181688135322,17.266363577409223,0.0
1992-02,17.47736850537752,17.47736850537752,18.031578867059004,16.8321052350496,17.198420926144248,0.0
1992-03,17.520454623482443,17.520454623482443,18.025454434481535,17.24954548749057,17.716363603418525,0.0
1992-04,16.562856946672714,16.562856946672714,17.24285720643543,16.275714147658576,16.84523804982503,0.0
1992-05,15.076999950408936,15.076999950408936,15.753500032424927,14.516499996185303,14.803000116348267,0.0
1992-06,15.203181873668324,15.203181873668324,15.77136382189664,14.593636426058682,14.953181830319492,0.0
1992-07,13.601818214763295,13.601818214763295,14.207727258855646,12.827727274461227,13.04590910131281,0.0
1992-08,14.42190474555606,14.42190474555606,15.021428562345958,13.621904736473446,13.984285627092634,0.0
1992-09,13.696666581290108,13.696666581290108,13.974285625276112,13.040476163228353,13.230476152329217,0.0
1992-10,17.636818278919566,17.636818278919566,18.32818178697066,16.84090904756026,17.29227282784202,0.0
1992-11,14.424499940872192,14.424499940872192,15.071000099182129,14.04700002670288,14.58100004196167,0.0
1992-12,12.19136363809759,12.19136363809759,12.84818189794367,11.615909099578857,11.992727149616588,0.0
1993-01,12.408999967575074,12.408999967575074,12.930999994277954,11.96599988937378,12.327499961853027,0.0
1993-02,13.721578949376157,13.721578949376157,14.379473686218262,13.22105262154027,13.620526263588353,0.0
1993-03,13.606086855349334,13.606086855349334,14.146521858547045,13.153478166331416,13.500000124392303,0.0
1993-04,12.840952419099354,12.840952419099354,13.529999960036506,12.335714294796897,12.857142857142858,0.0
1993-05,13.6060001373291,13.6060001373291,14.220999956130981,13.290000104904175,13.689499998092652,0.0
1993-06,12.52409081025557,12.52409081025557,13.273181785236705,12.289090936834162,12.791363629427822,0.0
1993-07,11.500476201375326,11.500476201375326,12.099047615414573,10.910476185026623,11.418571381341843,0.0
1993-08,11.928636420856822,11.928636420856822,12.630454626950351,11.631818164478648,11.93363636190241,0.0
1993-09,12.931428409758068,12.931428409758068,13.495714233035134,12.300952411833263,12.68095234462193,0.0
1993-10,11.875238100687662,11.875238100687662,12.65428588503883,11.448095367068337,12.046666644868397,0.0
1993-11,14.083809534708658,14.083809534708658,14.838095210847401,13.562857128324962,14.054762022835869,0.0
1993-12,11.356363556601785,11.356363556601785,11.979545419866389,10.98636362769387,11.562272678722035,0.0
1994-01,11.290476163228353,11.290476163228353,11.858095259893508,10.93857143038795,11.44428571065267,0.0
1994-02,13.644210464075991,13.644210464075991,14.247894688656455,12.784736783880936,13.341052657679507,0.0
1994-03,15.223478317260742,15.223478317260742,15.959565204122793,14.40086957682734,14.78565211918043,0.0
1994-04,16.471052671733656,16.471052671733656,17.692105092500384,15.950526137101022,16.524210427936755,0.0
1994-05,13.897142818995885,13.897142818995885,14.54380952744257,13.50428567613874,13.898095357985724,0.0
1994-06,13.408636353232644,13.408636353232644,13.971818187020041,12.849090966311367,13.22000013698231,0.0
1994-07,12.48449993133545,12.48449993133545,13.139000034332275,12.202499914169312,12.683499908447265,0.0
1994-08,11.889130467953889,11.889130467953889,12.44000007795251,11.456956531690514,11.818260856296705,0.0
1994-09,13.23333336058117,13.23333336058117,13.820476123264857,12.678095272609166,12.963333356948127,0.0
1994-10,15.245238031659808,15.245238031659808,15.826190448942638,14.61857150849842,14.952857062930153,0.0
1994-11,16.38380949837821,16.38380949837821,16.91714300428118,15.688571339561825,15.907142729986282,0.0
1994-12,14.177142824445452,14.177142824445452,14.8752380552746,13.684761910211472,14.22952379499163,0.0
1995-01,12.274285679771786,12.274285679771786,12.853809492928642,11.995714414687384,12.393333253406343,0.0
1995-02,11.470000016061883,11.470000016061883,11.84210531335128,11.182631492614746,11.372631574931898,0.0
1995-03,12.166521735813307,12.166521735813307,12.565652183864428,11.770434711290443,12.074782703233803,0.0
1995-04,12.442631570916427,12.442631570916427,12.979473666140908,11.94421060461747,12.211578971461245,0.0
1995-05,12.265909194946289,12.265909194946289,12.697272734208541,11.727272727272727,11.927272753282027,0.0
1995-06,11.89681811766191,11.89681811766191,12.39454546841708,11.580454522913152,11.879545558582652,0.0
1995-07,12.514000129699706,12.514000129699706,13.149000120162963,12.128000020980835,12.410500001907348,0.0
1995-08,12.79826085463814,12.79826085463814,13.30217394621476,12.371304429095725,12.542608634285305,0.0
1995-09,12.057000017166137,12.057000017166137,12.598000001907348,11.55299997329712,11.782999944686889,0.0
1995-10,14.357272711667148,14.357272711667148,15.000454599207098,13.832272746346213,14.145909049294211,0.0
1995-11,12.469047546386719,12.469047546386719,13.085714294796897,12.200952393668038,12.494761875697545,0.0
1995-12,11.74849991798401,11.74849991798401,12.497500038146972,11.04549994468689,11.768000078201293,0.0
1996-01,13.473636237057773,13.473636237057773,13.984090891751377,12.92909084666859,13.329090942036022,0.0
1996-02,15.032999801635743,15.032999801635743,15.439499998092652,14.462000131607056,14.715999984741211,0.0
1996-03,17.762380781627837,17.762380781627837,18.31857154482887,17.059047789800736,17.413333347865514,0.0
1996-04,16.575238000778924,16.575238000778924,17.114285650707426,16.145238013494584,16.42714296068464,0.0
1996-05,16.14636369185014,16.14636369185014,16.72818188233809,15.60636364329945,16.008181875402276,0.0
1996-06,16.395000171661376,16.395000171661376,16.773999977111817,15.972000026702881,16.283999919891357,0.0
1996-07,17.97863635149869,17.97863635149869,19.04772728139704,17.259091073816474,17.764545353976164,0.0
1996-08,15.760454698042436,15.760454698042436,16.40136363289573,15.427727265791459,15.843181826851584,0.0
1996-09,16.578000020980834,16.578000020980834,17.07849988937378,16.241999912261964,16.625999879837035,0.0
1996-10,16.381739201753035,16.381739201753035,16.748260954151984,16.008260851321012,16.2543478841367,0.0
1996-11,15.996999740600586,15.996999740600586,16.4949999332428,15.603999996185303,15.950500059127808,0.0
1996-12,19.260952449980238,19.260952449980238,19.800475983392623,18.58047612508138,19.095714569091797,0.0
1997-01,19.473181551153008,19.473181551153008,20.120909083973277,19.01090908050537,19.561363653703168,0.0
1997-02,20.139473563746403,20.139473563746403,20.604210301449424,19.754736749749433,20.04315777828819,0.0
1997-03,20.169999980926512,20.169999980926512,20.667499923706053,19.607999801635742,19.948500061035155,0.0
1997-04,19.662272626703437,19.662272626703437,20.238636363636363,19.241818167946555,19.87636358087713,0.0
1997-05,19.9247620900472,19.9247620900472,20.600476128714426,19.465714409237815,20.075238000778924,0.0
1997-06,20.194285983131046,20.194285983131046,20.590476172310964,19.89714286440895,20.221904754638672,0.0
1997-07,20.529090881347656,20.529090881347656,21.062727147882637,20.13409085707231,20.541818098588422,0.0
1997-08,23.084762028285436,23.084762028285436,23.90380913870675,22.50238118852888,23.10428592136928,0.0
1997-09,23.812380836123513,23.812380836123513,24.450476237705775,23.34476189386277,23.904285794212704,0.0
1997-10,23.870869760927945,23.870869760927945,25.446086883544922,22.835652226987094,23.88565212747325,0.0
1997-11,32.034737034847865,32.034737034847865,32.99736816004703,31.445263310482627,32.306842402407995,0.0
1997-12,26.276363719593395,26.276363719593395,27.16318199851296,25.618636217984285,26.269090739163484,0.0
1998-01,23.866499996185304,23.866499996185304,24.882500171661377,23.358000087738038,24.04750003814697,0.0
1998-02,19.99894724394146,19.99894724394146,20.576842257851048,19.726841976768092,20.177894491898385,0.0
1998-03,20.158636353232644,20.158636353232644,20.668636322021484,19.654545523903586,20.03363643993031,0.0
1998-04,22.028571446736652,22.028571446736652,22.82095227922712,21.587619145711262,22.22142864408947,0.0
1998-05,20.873999786376952,20.873999786376952,21.529999828338624,20.24849977493286,20.707000064849854,0.0
1998-06,21.662727269259367,21.662727269259367,22.310454455288973,21.02136369185014,21.699545426802203,0.0
1998-07,19.929999871687457,19.929999871687457,20.677727352489125,19.254545558582652,19.7240910096602,0.0
1998-08,31.58809498378209,31.58809498378209,32.872857139224095,29.9995238894508,30.869524183727446,0.0
1998-09,38.204762231735955,38.204762231735955,40.256666819254555,37.192857469831196,38.92904735746838,0.0
1998-10,36.608181953430176,36.608181953430176,38.422272422096945,35.67545439980247,37.21272719990123,0.0
1998-11,26.223000144958498,26.223000144958498,27.11599979400635,25.563000011444093,26.272000122070313,0.0
1998-12,25.479090777310457,25.479090777310457,26.491363525390625,24.850000034679066,25.7018180326982,0.0
1999-01,28.03526316191021,28.03526316191021,29.151052474975586,26.996842032984684,28.021052711888363,0.0
1999-02,28.82263153477719,28.82263153477719,29.72157889918277,28.09421057450144,28.797894829197933,0.0
1999-03,25.309565419736117,25.309565419736117,26.01999979433806,24.90782596753991,25.510869648145594,0.0
1999-04,23.478571483067103,23.478571483067103,24.201428458804177,22.78571437654041,23.380000069027854,0.0
1999-05,26.204500198364258,26.204500198364258,27.213999938964843,25.619499969482423,26.19449987411499,0.0
1999-06,23.626363667574797,23.626363667574797,24.599545392123137,23.17227268218994,23.865454587069426,0.0
1999-07,21.049047470092773,21.049047470092773,21.703333355131605,20.454285576230003,20.906190418061755,0.0
1999-08,24.323636228388008,24.323636228388008,25.119090860540215,23.742727453058418,24.39909076690674,0.0
1999-09,24.541428611392067,24.541428611392067,25.387619018554688,23.87285732087635,24.434285481770832,0.0
1999-10,24.021428516932897,24.021428516932897,24.96095221383231,23.28333346048991,24.063333420526412,0.0
1999-11,21.81809525262742,21.81809525262742,22.475238073439826,21.286666506812686,21.805714289347332,0.0
1999-12,22.15909090909091,22.15909090909091,22.805454514243387,21.67045445875688,22.16909087787975,0.0
2000-01,23.201999855041503,23.201999855041503,24.231999969482423,22.416000175476075,23.30049991607666,0.0
2000-02,23.595500183105468,23.595500183105468,24.488500022888182,22.964500141143798,23.53650016784668,0.0
2000-03,22.718260806539785,22.718260806539785,23.48000012273374,22.00260883828868,22.793043551237687,0.0
2000-04,27.16421077125951,27.16421077125951,28.534736834074323,26.21631602237099,27.286842245804635,0.0
2000-05,26.373181863264605,26.373181863264605,27.31409116224809,25.871818282387473,26.58590906316584,0.0
2000-06,21.539999961853027,21.539999961853027,22.281363660638984,21.346818056973543,22.019091085954145,0.0
2000-07,19.89300012588501,19.89300012588501,20.278999900817873,19.558000087738037,19.79650001525879,0.0
2000-08,18.08869569197945,18.08869569197945,18.484782675038215,17.897391443667203,18.307391208151113,0.0
2000-09,19.6875,19.6875,20.267000007629395,19.25299987792969,19.699499893188477,0.0
2000-10,25.200000069358133,25.200000069358133,26.06090901114724,24.292272741144355,25.053636290810324,0.0
2000-11,26.382857095627557,26.382857095627557,27.062856946672714,25.879047666277206,26.409999938238236,0.0
2000-12,26.530499839782713,26.530499839782713,27.334499835968018,25.8504997253418,26.72549991607666,0.0
2001-01,24.91857147216797,24.91857147216797,25.819047473725817,24.53476179213751,25.367142813546316,0.0
2001-02,23.411579132080078,23.411579132080078,24.21105274401213,22.76105268378007,23.316315701133327,0.0
2001-03,28.496818369085137,28.496818369085137,29.62363641912287,27.904090707952324,28.912727442654695,0.0
2001-04,28.13399991989136,28.13399991989136,28.900000190734865,27.45499982833862,28.254999828338622,0.0
2001-05,22.944090929898348,22.944090929898348,23.721363414417613,22.698181672529742,23.372727220708672,0.0
2001-06,20.94047619047619,20.94047619047619,21.626666841052828,20.611428851173038,21.263333275204612,0.0
2001-07,22.31619053795224,22.31619053795224,22.949047724405926,21.881428582327707,22.46666672116234,0.0
2001-08,21.86173903423807,21.86173903423807,22.399130613907523,21.1217390143353,21.615652001422383,0.0
2001-09,35.065333429972334,35.065333429972334,36.96399993896485,34.106666819254556,35.79666709899902,0.0
2001-10,32.721304603244945,32.721304603244945,33.94347821111264,32.086521480394445,33.156956548276156,0.0
2001-11,26.63095238095238,26.63095238095238,27.702856972104026,26.239523842221214,27.358571552094958,0.0
2001-12,23.720000076293946,23.720000076293946,24.205000019073488,23.275,23.826499938964844,0.0
2002-01,22.252857208251953,22.252857208251953,23.112857273646764,21.738095238095237,22.426666713896253,0.0
2002-02,22.875789843107526,22.875789843107526,23.734737095079925,22.25421062268709,23.024737107126338,0.0
2002-03,18.98499994277954,18.98499994277954,19.55699987411499,18.821499824523926,19.369000244140626,0.0
2002-04,19.900454607876863,19.900454607876863,20.434090961109508,19.344999833540484,19.80818158929998,0.0
2002-05,20.08772711320357,20.08772711320357,20.72681817141446,19.684090874411844,20.234545360911977,0.0
2002-06,25.270999908447266,25.270999908447266,26.363999938964845,24.47349977493286,25.475999927520753,0.0
2002-07,34.049544941295274,34.049544941295274,35.59499974684282,32.82318167252974,34.1145452152599,0.0
2002-08,33.742727366360754,33.742727366360754,35.15954537825151,32.67045463215221,34.07818178697066,0.0
2002-09,37.6475004196167,37.6475004196167,38.93950023651123,36.76149978637695,38.12450008392334,0.0
2002-10,35.243043484895125,35.243043484895125,36.45739124132239,34.54130438099737,35.760435021441914,0.0
2002-11,28.174999713897705,28.174999713897705,29.046499919891357,27.40349988937378,28.40449991226196,0.0
2002-12,28.21047628493536,28.21047628493536,29.078095299857004,27.61476180666969,28.439047768002464,0.0
2003-01,27.424285707019624,27.424285707019624,28.2719049907866,26.840476353963215,27.60999988374256,0.0
2003-02,32.218421032554225,32.218421032554225,32.98526352330258,31.878421080739873,32.600526207371765,0.0
2003-03,30.634285699753534,30.634285699753534,31.41047632126581,30.285238175165084,31.042380923316593,0.0
2003-04,23.991904758271716,23.991904758271716,24.641904830932617,23.628571555728005,24.295714423769997,0.0
2003-05,20.23952375139509,20.23952375139509,20.828095299857004,19.949523653302872,20.465238117036364,0.0
2003-06,20.362380799793062,20.362380799793062,20.853809356689453,20.11809512547084,20.54523822239467,0.0
2003-07,19.16136360168457,19.16136360168457,19.688636259599164,18.897727359424938,19.35136352885853,0.0
2003-08,19.27428572518485,19.27428572518485,19.971428371611097,19.00380952017648,19.54095241001674,0.0
2003-09,19.53238096691313,19.53238096691313,20.057619094848633,19.18428593590146,19.62952386765253,0.0
2003-10,18.0234783006751,18.0234783006751,18.655217460964035,17.77478271981944,18.36608704276707,0.0
2003-11,17.401052575362357,17.401052575362357,17.961579172234785,17.05473689029091,17.546315644916735,0.0
2003-12,16.826363650235262,16.826363650235262,17.324545513499867,16.32681829279119,16.853636264801025,0.0
2004-01,16.100999975204466,16.100999975204466,16.74799976348877,15.673000144958497,16.31149983406067,0.0
2004-02,15.998421167072497,15.998421167072497,16.553684184425755,15.748947344328228,16.180526331851357,0.0
2004-03,17.687391198199727,17.687391198199727,18.282608612723973,16.909130511076555,17.55260873877484,0.0
2004-04,15.6985715230306,15.6985715230306,16.435238066173735,15.126666704813639,15.696666853768486,0.0
2004-05,17.704999876022338,17.704999876022338,18.371999979019165,17.258999872207642,17.95350012779236,0.0
2004-06,15.35714290255592,15.35714290255592,15.868095352536155,14.975714320228214,15.414285750616164,0.0
2004-07,15.502380916050502,15.502380916050502,16.18142859141032,15.032856986636208,15.615238008045015,0.0
2004-08,16.684090744365346,16.684090744365346,17.35863633589311,16.29363627867265,16.950909094376996,0.0
2004-09,14.08095241728283,14.08095241728283,14.674761953808012,13.865238053458077,14.42999994187128,0.0
2004-10,14.973809560139975,14.973809560139975,15.510952313741049,14.419523829505557,15.031428518749419,0.0
2004-11,13.577142897106352,13.577142897106352,13.935714312962123,13.238571484883627,13.630476179577055,0.0
2004-12,12.459545438939875,12.459545438939875,12.756363608620383,12.189545544711025,12.460909149863504,0.0
2005-01,13.43799991607666,13.43799991607666,13.811999940872193,13.048999977111816,13.559000015258789,0.0
2005-02,11.708947482861971,11.708947482861971,12.131578947368421,11.434736854151675,11.889473664133172,0.0
2005-03,13.126363667574795,13.126363667574795,13.45454554124312,12.73999985781583,13.119090817191385,0.0
2005-04,14.459047589983259,14.459047589983259,15.175714265732537,13.612857273646764,14.217142831711541,0.0
2005-05,13.967618987673806,13.967618987673806,14.717142922537667,13.583809443882533,14.054285639808292,0.0
2005-06,11.868636348030783,11.868636348030783,12.273636384443803,11.535909219221635,11.958181858062744,0.0
2005-07,11.049000024795532,11.049000024795532,11.50349988937378,10.752500009536742,11.209999895095825,0.0
2005-08,12.951304394265879,12.951304394265879,13.36260870228643,12.514347781305728,12.860869573510211,0.0
2005-09,12.628095263526554,12.628095263526554,13.141428538731166,12.319523765927268,12.787142980666388,0.0
2005-10,14.937618982224237,14.937618982224237,15.457142920721145,14.209523745945521,14.808571452186222,0.0
2005-11,12.147619111197335,12.147619111197335,12.650476092383975,11.899999981834775,12.324761935642787,0.0
2005-12,11.260000001816522,11.260000001816522,11.52190467289516,10.894285656156994,11.180476097833543,0.0
2006-01,12.03600001335144,12.03600001335144,12.448000049591064,11.70799994468689,12.113000011444091,0.0
2006-02,12.47105262154027,12.47105262154027,12.90789468664872,12.164736898321854,12.607368419044896,0.0
2006-03,11.693913003672725,11.693913003672725,12.076956458713697,11.333913056746773,11.74913041487984,0.0
2006-04,11.847368441129985,11.847368441129985,12.238947416606702,11.540000062239798,11.959473760504471,0.0
2006-05,14.454545411196621,14.454545411196621,15.05318190834739,13.63409085707231,14.237272782759232,0.0
2006-06,16.91863627867265,16.91863627867265,18.034090779044412,16.024090810255572,17.019999807531182,0.0
2006-07,15.325999879837036,15.325999879837036,16.027500200271607,14.652500104904174,15.360000038146973,0.0
2006-08,13.351739137069039,13.351739137069039,13.819130441416865,13.08434772491455,13.533478197844133,0.0
2006-09,12.184499979019165,12.184499979019165,12.75,11.912500047683716,12.361499977111816,0.0
2006-10,11.306363625959916,11.306363625959916,11.700000069358133,11.128181804310191,11.516363620758057,0.0
2006-11,10.817619051252093,10.817619051252093,11.158095223563057,10.555238178798131,10.933333396911621,0.0
2006-12,10.964500045776367,10.964500045776367,11.413000059127807,10.602500009536744,11.06850004196167,0.0
2007-01,11.042500066757203,11.042500066757203,11.5625,10.759499979019164,11.258999967575074,0.0
2007-02,11.155263097662674,11.155263097662674,11.575263224150005,10.580526301735325,10.958947231895046,0.0
2007-03,15.162727269259365,15.162727269259365,16.28999983180653,14.324091000990434,15.324545426802201,0.0
2007-04,12.93299994468689,12.93299994468689,13.471500062942505,12.561499977111817,13.04099988937378,0.0
2007-05,13.297727324745871,13.297727324745871,13.74000003121116,12.898181828585537,13.374545574188232,0.0
2007-06,14.947618938627697,14.947618938627697,15.708095323471795,14.130476179577055,14.919523829505557,0.0
2007-07,17.273333277021134,17.273333277021134,18.09809516725086,16.42190474555606,16.985714231218612,0.0
2007-08,25.026086724322774,25.026086724322774,26.718260889467984,23.595217414524246,25.07565216396166,0.0
2007-09,22.19894740456029,22.19894740456029,23.414210168938887,21.614736757780378,22.706315893875924,0.0
2007-10,19.115652084350586,19.115652084350586,20.139999887217645,18.416086943253227,19.153912917427395,0.0
2007-11,25.582380930582683,25.582380930582683,26.926666713896253,23.893333162580216,25.558571225120907,0.0
2007-12,21.651000022888184,21.651000022888184,22.482500076293945,20.92450017929077,21.703000164031984,0.0
2008-01,25.816190719604492,25.816190719604492,27.303809302193777,24.64238085065569,26.215238298688615,0.0
2008-02,25.456000137329102,25.456000137329102,26.47150011062622,24.568500137329103,25.54049997329712,0.0
2008-03,27.103500080108642,27.103500080108642,28.664500045776368,25.581000137329102,27.436499977111815,0.0
2008-04,21.562727321277965,21.562727321277965,22.351363788951527,21.08136341788552,21.83318181471391,0.0
2008-05,18.303333009992325,18.303333009992325,19.191904703776043,17.786666688464937,18.59904752458845,0.0
2008-06,22.11047617594401,22.11047617594401,22.98714283534459,20.970952442714147,21.968571345011394,0.0
2008-07,24.32136362249201,24.32136362249201,25.593181696805086,23.365909056230024,24.49409077384255,0.0
2008-08,20.695714133126394,20.695714133126394,21.53571419488816,20.104285648890905,20.93142845517113,0.0
2008-09,30.238571348644438,30.238571348644438,31.88619068690709,28.108571188790457,29.47142828078497,0.0
2008-10,61.1773912181025,61.1773912181025,66.9486959706182,55.45956520412279,60.46739113849142,0.0
2008-11,62.639473362972865,62.639473362972865,66.57578899985866,58.984736593146074,63.399999718917044,0.0
2008-12,52.405000166459516,52.405000166459516,54.6881819638339,50.54636348377574,53.215454448353164,0.0
2009-01,44.68300018310547,44.68300018310547,47.06749992370605,42.94049987792969,44.895500564575194,0.0
2009-02,45.57052592227333,45.57052592227333,47.791052968878496,43.87210524709601,46.169999975907174,0.0
2009-03,44.7954548922452,44.7954548922452,46.58272725885565,43.05590941689231,45.05181815407493,0.0
2009-04,38.063809349423366,38.063809349423366,39.53095245361328,37.295713878813245,38.83523777553013,0.0
2009-05,31.97799997329712,31.97799997329712,33.40650033950806,31.032000255584716,32.3225001335144,0.0
2009-06,29.140454725785688,29.140454725785688,30.214545423334297,28.311818209561434,29.28500019420277,0.0
2009-07,26.16272735595703,26.16272735595703,27.066818150607023,25.503636273470793,26.309545256874777,0.0
2009-08,25.33714285350981,25.33714285350981,26.271904627482098,24.741904758271716,25.351904642014276,0.0
2009-09,24.926666713896253,24.926666713896253,25.75952384585426,24.166666666666668,25.109047480991908,0.0
2009-10,24.252272865988992,24.252272865988992,25.19363646073775,23.153636238791726,24.104545333168723,0.0
2009-11,23.783499908447265,23.783499908447265,24.923500061035156,23.226000022888183,24.44200019836426,0.0
2009-12,21.239545475352894,21.239545475352894,21.935000159523703,20.774545582858,21.38590908050537,0.0
2010-01,20.643157758210833,20.643157758210833,21.688947276065225,19.682105516132555,20.608421124910052,0.0
2010-02,22.540000012046413,22.540000012046413,23.911052703857422,22.002105110570003,23.07105255126953,0.0
2010-03,17.767391287762187,17.767391287762187,18.348695837933086,17.404347792915676,17.938695658808168,0.0
2010-04,17.42428566160656,17.42428566160656,18.357619058518182,16.68571444920131,17.380476043337868,0.0
2010-05,31.929500007629393,31.929500007629393,34.706500148773195,28.78400001525879,31.614500045776367,0.0
2010-06,29.91636371612549,29.91636371612549,31.184999812733043,28.46363639831543,29.933636405251242,0.0
2010-07,25.565237862723215,25.565237862723215,27.195238022577193,24.807619276500883,25.99809537615095,0.0
2010-08,24.745908997275613,24.745908997275613,25.911363514986906,24.09272714094682,25.191363421353426,0.0
2010-09,22.51761899675642,22.51761899675642,23.24142855689639,22.066190265473864,22.698571250552224,0.0
2010-10,20.3733332497733,20.3733332497733,21.31523813520159,20.0261903490339,20.691428774879093,0.0
2010-11,20.095714387439546,20.095714387439546,20.953809465680802,19.476666586739675,20.31000010172526,0.0
2010-12,17.569545529105447,17.569545529105447,18.1372726613825,17.172272552143443,17.768636226654053,0.0
2011-01,17.31549987792969,17.31549987792969,17.944999980926514,16.63350009918213,17.245500087738037,0.0
2011-02,17.4299999036287,17.4299999036287,18.17473682604338,16.871052541230853,17.733684238634613,0.0
2011-03,20.72347815140434,20.72347815140434,21.634782625281293,19.668260823125426,20.65043482573136,0.0
2011-04,16.244000005722047,16.244000005722047,16.930999851226808,15.78949990272522,16.358000087738038,0.0
2011-05,16.911428587777273,16.911428587777273,17.79476193019322,16.230952353704545,17.11095260438465,0.0
2011-06,19.15318202972412,19.15318202972412,19.99409077384255,18.190908952192828,19.12545451250943,0.0
2011-07,19.22749991416931,19.22749991416931,19.873499965667726,18.39400005340576,19.084999895095827,0.0
2011-08,35.02913035517154,35.02913035517154,37.75478288401728,32.18434765027917,34.545217514038086,0.0
2011-09,36.52999977838425,36.52999977838425,38.313333602178666,35.13857169378372,36.73857143947056,0.0
2011-10,32.82904770260765,32.82904770260765,34.659999938238236,31.735714140392485,33.407618840535484,0.0
2011-11,31.941904703776043,31.941904703776043,33.571904863630024,30.961428233555385,32.20142836797805,0.0
2011-12,25.047619047619047,25.047619047619047,25.83571415855771,24.25428581237793,25.09857141403925,0.0
2012-01,20.227999877929687,20.227999877929687,21.182500076293945,19.802999782562257,20.756999969482422,0.0
2012-02,18.420499992370605,18.420499992370605,19.191000080108644,17.740500068664552,18.660500049591064,0.0
2012-03,16.16727287119085,16.16727287119085,16.965000022541393,15.726363528858531,16.278181899677623,0.0
2012-04,17.822999906539916,17.822999906539916,18.567999935150148,17.220500230789185,18.009999990463257,0.0
2012-05,21.001818136735395,21.001818136735395,21.895000024275348,20.050909129056063,20.929090933366254,0.0
2012-06,21.130952290126256,21.130952290126256,22.549999872843426,20.288095201764786,21.3728571392241,0.0
2012-07,17.565238180614653,17.565238180614653,18.382380803426106,17.070000103541783,17.772857121058873,0.0
2012-08,15.689565119536027,15.689565119536027,16.244347862575363,15.283913031868313,15.771738964578379,0.0
2012-09,15.284736834074321,15.284736834074321,15.937368493331107,14.751578933314272,15.405789375305176,0.0
2012-10,16.276190576099214,16.276190576099214,16.779999960036506,15.718571390424456,16.085238093421573,0.0
2012-11,16.70190484183175,16.70190484183175,17.268095198131743,16.161428814842587,16.73952375139509,0.0
2012-12,17.306999826431273,17.306999826431273,18.079999923706055,16.7760000705719,17.422999906539918,0.0
2013-01,13.505238124302455,13.505238124302455,13.973333358764648,13.265238126118978,13.699523789542061,0.0
2013-02,14.07263163516396,14.07263163516396,14.655263198049445,13.41000004818565,13.911578981499924,0.0
2013-03,13.031500005722046,13.031500005722046,13.698500061035157,12.627999973297118,13.1510000705719,0.0
2013-04,13.967272715135055,13.967272715135055,14.783636353232644,13.449090784246271,13.98045453158292,0.0
2013-05,13.493636304681951,13.493636304681951,13.954090768640691,13.163181825117631,13.546363527124578,0.0
2013-06,17.271499919891358,17.271499919891358,18.121000003814697,16.522500038146973,17.240499877929686,0.0
2013-07,13.97454565221613,13.97454565221613,14.550454529848965,13.744545459747314,14.185908924449574,0.0
2013-08,14.209999908100475,14.209999908100475,14.678636290810324,13.73454544760964,14.239999987862326,0.0
2013-09,14.692000102996825,14.692000102996825,15.206000089645386,14.350000047683716,14.820500040054322,0.0
2013-10,15.407826050468113,15.407826050468113,16.179565139438797,14.932608728823455,15.570434653240701,0.0
2013-11,12.923999977111816,12.923999977111816,13.337000036239624,12.6239999294281,12.987500143051147,0.0
2013-12,14.192380905151367,14.192380905151367,14.626666750226702,13.744761875697545,14.152857144673666,0.0
2014-01,14.240952400934129,14.240952400934129,14.764761833917527,13.66809522537958,14.091904867263068,0.0
2014-02,15.470000116448654,15.470000116448654,16.175263053492497,14.955263137817383,15.710526315789474,0.0
2014-03,14.836666742960611,14.836666742960611,15.470476150512695,14.223333358764648,14.727142788115001,0.0
2014-04,14.198095321655273,14.198095321655273,14.973809560139975,13.818095343453544,14.266666730244955,0.0
2014-05,12.475238028026762,12.475238028026762,13.012380917867025,12.265714282081241,12.724285670689174,0.0
2014-06,11.541428565979004,11.541428565979004,12.034285817827497,11.267618996756417,11.678571428571429,0.0
2014-07,12.296363613822244,12.296363613822244,12.775000095367432,11.678181821649725,11.998636505820535,0.0
2014-08,13.497142927987236,13.497142927987236,14.25666654677618,13.014761970156716,13.618095170883905,0.0
2014-09,13.466666630336217,13.466666630336217,14.26666663941883,12.949047542753673,13.546190352666946,0.0
2014-10,18.01608711740245,18.01608711740245,19.58173896955407,16.983043504797894,18.18913057576055,0.0
2014-11,13.41315786462081,13.41315786462081,14.14578944758365,13.171052581385561,13.647368431091309,0.0
2014-12,16.3118182962591,16.3118182962591,17.492727279663086,15.121363639831543,16.24227272380482,0.0
2015-01,19.119499969482423,19.119499969482423,20.632500076293944,18.20700011253357,19.145499897003173,0.0
2015-02,15.904210492184287,15.904210492184287,16.96315780438875,15.58578932912726,16.407894736842106,0.0
2015-03,14.812727277929133,14.812727277929133,15.458636500618674,14.238636406985195,14.901363676244562,0.0
2015-04,13.494761875697545,13.494761875697545,14.313333465939476,13.063809485662551,13.747142927987236,0.0
2015-05,13.3385000705719,13.3385000705719,13.963000106811524,12.937000131607055,13.470499897003174,0.0
2015-06,14.33954551003196,14.33954551003196,15.029545350508256,13.734090978449041,14.34454549442638,0.0
2015-07,14.35272723978216,14.35272723978216,15.286818200891668,13.732727310874246,14.467727227644486,0.0
2015-08,19.42809536343529,19.42809536343529,21.304285821460542,17.33142852783203,18.324285598028276,0.0
2015-09,24.3771428607759,24.3771428607759,26.16523806254069,22.945238022577193,24.56095232282366,0.0
2015-10,16.789545449343596,16.789545449343596,17.94090916893699,16.151363502849232,17.12545464255593,0.0
2015-11,16.209999990463256,16.209999990463256,17.230499839782716,15.497000074386596,16.286500024795533,0.0
2015-12,18.02545473792336,18.02545473792336,19.293636105277322,16.900454477830365,17.85272723978216,0.0
2016-01,23.717894805105107,23.717894805105107,25.66526322615774,22.477894532053096,23.889999690808747,0.0
2016-02,22.516999816894533,22.516999816894533,24.21800003051758,21.728499984741212,22.98199987411499,0.0
2016-03,15.849090966311367,15.849090966311367,16.774545582858,15.497727307406338,16.38681797547774,0.0
2016-04,14.300476255871,14.300476255871,15.099047570001511,13.789999961853027,14.494285674322219,0.0
2016-05,14.852857044764928,14.852857044764928,15.731904711042132,14.379523776826405,15.121428580511184,0.0
2016-06,17.774545496160332,17.774545496160332,18.86136362769387,16.619545329700816,17.823181889273904,0.0
2016-07,13.158500051498413,13.158500051498413,13.973500108718872,12.840499973297119,13.369000005722047,0.0
2016-08,12.399565240611201,12.399565240611201,13.08739127283511,11.941739123800527,12.424782545670219,0.0
2016-09,14.219523793175107,14.219523793175107,15.444761866614932,13.320476214090982,14.322380792526971,0.0
2016-10,14.58523804800851,14.58523804800851,15.35714290255592,13.97333322252546,14.619047482808432,0.0
2016-11,15.236190387180873,15.236190387180873,16.374285652523948,14.49571432386126,15.444285937717982,0.0
2016-12,12.472380956013998,12.472380956013998,12.971904800051735,11.956190563383556,12.480476106916155,0.0
2017-01,11.608500003814697,11.608500003814697,12.286499977111816,11.360500001907349,11.846499919891357,0.0
2017-02,11.530526361967388,11.530526361967388,12.018421072708932,11.15999994779888,11.602105241072806,0.0
2017-03,11.897826111834982,11.897826111834982,12.417826113493547,11.359999946925951,12.007391266200854,0.0
2017-04,13.136315847698011,13.136315847698011,13.785789489746094,12.515789483722887,13.121052742004395,0.0
2017-05,10.862272782759232,10.862272782759232,11.501363537528299,10.387727303938432,10.890909108248623,0.0
2017-06,10.513636328957297,10.513636328957297,11.304090933366256,10.023636297746139,10.526818145405162,0.0
2017-07,10.264499998092651,10.264499998092651,10.886499977111816,9.926999950408936,10.328999900817871,0.0
2017-08,11.97565215566884,11.97565215566884,12.885217500769574,11.211739166923191,12.006086929984715,0.0
2017-09,10.437999963760376,10.437999963760376,11.041500043869018,10.203000020980834,10.586999988555908,0.0
2017-10,10.125454512509434,10.125454512509434,10.625909111716531,9.791363542730158,10.12318177656694,0.0
2017-11,10.540476163228353,10.540476163228353,11.2123810450236,10.073809487479073,10.548571404956636,0.0
2017-12,10.264500045776368,10.264500045776368,10.740000009536743,9.736499929428101,10.159499835968017,0.0
2018-01,11.062381017775763,11.062381017775763,11.589047659011115,10.579523813156854,10.912380990527925,0.0
2018-02,22.464736637316253,22.464736637316253,25.970526293704385,18.925789331134997,22.018947400544818,0.0
2018-03,19.023809750874836,19.023809750874836,20.888571330479213,17.578571410406205,19.11999984014602,0.0
2018-04,18.26761904216948,18.26761904216948,19.724761962890625,17.41952373867943,18.50714297521682,0.0
2018-05,14.124545487490566,14.124545487490566,15.13227280703458,13.400909120386297,14.17409086227417,0.0
2018-06,13.678095318022228,13.678095318022228,14.660000165303549,12.933809552873884,13.769523756844658,0.0
2018-07,13.147619065784273,13.147619065784273,13.967619078499931,12.615714345659528,13.436190514337449,0.0
2018-08,12.546956518422002,12.546956518422002,13.220434810804283,11.996956493543541,12.62782615164052,0.0
2018-09,12.910526325828151,12.910526325828151,13.610000008030942,12.48263168334961,13.032105245088276,0.0
2018-10,19.352173639380414,19.352173639380414,21.347391045611836,17.70695632437001,18.969999976780105,0.0
2018-11,19.389047622680664,19.389047622680664,20.80285699026925,18.628095445178804,19.427619298299152,0.0
2018-12,24.953157726087067,24.953157726087067,26.866315540514496,23.07315781241969,24.752105411730316,0.0
2019-01,19.57238079252697,19.57238079252697,21.157142820812407,19.055714380173455,20.35761914934431,0.0
2019-02,15.234736844112998,15.234736844112998,16.08526295109799,14.80842113494873,15.533683977629009,0.0
2019-03,14.485238075256348,14.485238075256348,15.553333373296828,13.95190479641869,14.657142911638532,0.0
2019-04,12.949047588166737,12.949047588166737,13.55809534163702,12.576190539768763,13.153809502011253,0.0
2019-05,16.721818056973543,16.721818056973543,18.333636153828014,15.759545586325906,16.732272711667147,0.0
2019-06,15.835999870300293,15.835999870300293,16.553000020980836,15.397999906539917,16.019499921798705,0.0
2019-07,13.30590907010165,13.30590907010165,13.961363662372936,12.727272640575062,13.297727281397039,0.0
2019-08,18.979090907356955,18.979090907356955,20.6618182442405,17.601818388158623,18.845000180331144,0.0
2019-09,15.558999872207641,15.558999872207641,16.616500043869017,14.989500045776367,15.82099986076355,0.0
2019-10,15.466521760691768,15.466521760691768,16.46217391801917,14.884347874185313,15.722173981044604,0.0
2019-11,12.523499965667725,12.523499965667725,13.112500095367432,12.258999919891357,12.717000055313111,0.0
2019-12,13.756666637602306,13.756666637602306,14.484285717918759,12.986666679382324,13.702380861554827,0.0
2020-01,13.94095243726458,13.94095243726458,15.014761833917527,13.280952317374092,14.13571430387951,0.0
2020-02,19.628947358382376,19.628947358382376,21.086841934605648,18.173684320951764,19.137368402983014,0.0
2020-03,57.7368184002963,57.7368184002963,64.54500024968928,50.76818188753995,57.82090932672674,0.0
2020-04,41.45380964733305,41.45380964733305,44.22666640508743,40.06047603062221,42.50571414402553,0.0
2020-05,30.89700002670288,30.89700002670288,33.16799974441528,29.459500312805176,31.30749969482422,0.0
2020-06,31.11954550309615,31.11954550309615,33.73318169333718,29.333181901411578,31.553636290810324,0.0
2020-07,26.840454621748492,26.840454621748492,28.69181832400235,25.64227260242809,27.33954551003196,0.0
2020-08,22.88952382405599,22.88952382405599,24.166666666666668,21.664285932268417,23.01333354768299,0.0
2020-09,27.647619065784273,27.647619065784273,29.744285765148344,26.38523819333031,27.921428680419922,0.0
2020-10,29.438636086203836,29.438636086203836,30.731818199157715,28.034091169183906,29.373181863264605,0.0
2020-11,24.995500087738037,24.995500087738037,26.671499824523927,24.001999950408937,25.982500076293945,0.0
2020-12,22.374090974981133,22.374090974981133,23.453181700272992,21.529999993064187,22.295909014615145,0.0
2021-01,24.90999984741211,24.90999984741211,26.79842085587351,23.012631466514186,24.476315749318974,0.0
2021-02,23.140526219418174,23.140526219418174,25.23105269984195,22.081578907213714,23.578947268034284,0.0
2021-03,21.843043534652047,21.843043534652047,23.672174039094344,20.84956517426864,22.377391234688137,0.0
2021-04,17.416190556117467,17.416190556117467,18.287619182041713,16.756190527053107,17.507142838977632,0.0
2021-05,19.7604998588562,19.7604998588562,21.48700008392334,18.705999851226807,19.864000034332275,0.0
2021-06,16.956818147139117,16.956818147139117,17.960000038146973,15.809999942779541,17.13636367971247,0.0
2021-07,17.60333351861863,17.60333351861863,18.88523814791725,16.857619103931246,17.721428553263348,0.0
2021-08,17.47772723978216,17.47772723978216,18.685908967798408,16.841363603418525,17.848181637850676,0.0
2021-09,19.8247617994036,19.8247617994036,21.128095081874303,18.542380832490466,19.422857102893648,0.0
2021-10,17.869047573634557,17.869047573634557,19.159047580900648,17.354285694303968,18.614761942908878,0.0
2021-11,18.500476246788388,18.500476246788388,19.510952268327987,17.509047462826683,18.503333545866468,0.0
2021-12,21.354545506564055,21.354545506564055,23.454090985384855,20.177272709933195,21.625000086697664,0.0
2022-01,23.18100004196167,23.18100004196167,25.50049991607666,21.648000049591065,23.036000156402586,0.0
2022-02,25.74842111687911,25.74842111687911,28.273684150294255,24.35052620737176,26.375789441560443,0.0
2022-03,26.968695682028066,26.968695682028066,28.944782588792883,26.01217385996943,27.824782910554305,0.0
2022-04,24.37350015640259,24.37350015640259,25.800500297546385,22.518500137329102,23.823999977111818,0.0
2022-05,29.445714587257022,29.445714587257022,31.859047480991908,28.427143096923828,30.031428473336355,0.0
2022-06,28.100000018165225,28.100000018165225,29.593809400285995,27.23428571791876,28.39714286440895,0.0
2022-07,24.86850004196167,24.86850004196167,26.20599994659424,24.473999881744383,25.626999950408937,0.0
2022-08,22.169565366662066,22.169565366662066,23.20217397938604,21.529999940291695,22.380869575168777,0.0
2022-09,27.406190418061755,27.406190418061755,28.98619052342006,26.220952261061896,27.545238131568546,0.0
2022-10,30.005714416503906,30.005714416503906,31.20619065420968,29.53285707746233,30.61571439107259,0.0
2022-11,23.436190650576638,23.436190650576638,24.581904820033483,23.04428563799177,24.022857121058873,0.0
2022-12,21.784285681588308,21.784285681588308,22.92952364966983,21.170000076293945,22.080476034255256,0.0
2023-01,20.202999973297118,20.202999973297118,21.204499816894533,19.8604998588562,20.680499935150145,0.0
2023-02,20.06210537960655,20.06210537960655,21.08631585773669,19.479999943783408,20.312631506668893,0.0
2023-03,21.644347895746645,21.644347895746645,23.652173747187074,20.582173969434656,21.84913029878036,0.0
2023-04,17.8178946344476,17.8178946344476,18.860526335866826,17.473157932883815,18.328421040585166,0.0
2023-05,17.64409099925648,17.64409099925648,18.64136349071156,16.984999960119072,17.690909125588156,0.0
2023-06,13.994285628909157,13.994285628909157,14.609523909432548,13.760476112365723,14.408571334112258,0.0
2023-07,13.943999910354615,13.943999910354615,14.54249997138977,13.661499977111816,14.189999961853028,0.0
2023-08,15.853912975477135,15.853912975477135,16.767391329226285,15.282608654188072,16.030434649923574,0.0
2023-09,15.241000032424926,15.241000032424926,15.940500020980835,14.618000030517578,15.19300012588501,0.0
2023-10,18.887727303938433,18.887727303938433,20.20999995144931,17.98681792345914,19.120000058954414,0.0
2023-11,14.077142897106352,14.077142897106352,14.754761968340192,13.874285697937012,14.449047633579799,0.0
2023-12,12.718499994277954,12.718499994277954,13.194499969482422,12.486499977111816,12.867000007629395,0.0
2024-01,13.395238149733771,13.395238149733771,14.052857171921502,13.145238195146833,13.575714292980376,0.0
2024-02,13.944000101089477,13.944000101089477,14.508000040054322,13.62999997138977,14.030500030517578,0.0
2024-03,13.787499904632568,13.787499904632568,14.378500032424927,13.496500062942506,13.910000038146972,0.0
2024-04,16.137727087194268,16.137727087194268,17.256363608620383,15.43090907010165,16.261363593014803,0.0
2024-05,13.090454535050826,13.090454535050826,13.764545440673828,12.815909082239324,13.367272767153652,0.0
2024-06,12.676842037000155,12.676842037000155,13.329473696256938,12.47631569912559,12.896842153448807,0.0
2024-07,14.470000050284646,14.470000050284646,15.058181762695312,13.540454604408957,14.449545470151035,0.0
2024-08,19.31227272207087,19.31227272207087,22.4872728694569,17.47636365890503,19.190909255634654,0.0
2024-09,17.768999814987183,17.768999814987183,18.95300006866455,16.87099986076355,17.925000047683717,0.0
2024-10,19.96086958180303,19.96086958180303,20.828260836393937,19.191304165384043,19.902173913043477,0.0
2024-11,17.554999828338623,17.554999828338623,18.394999861717224,17.237499952316284,18.113749742507935,0.0
